MyUnknownColumn,Date,Open,High,Low,Close,Volume
0,"20220224  09:15:00",821.45,831.55,817.7,826.8,68000
1,"20220224  09:30:00",824.25,833.9,813.1,833.7,114750
2,"20220224  10:30:00",832.7,835.6,819.5,821.65,98600
3,"20220224  11:30:00",820.7,822.25,814.3,819.65,67150
4,"20220224  12:30:00",818.5,819.1,807.65,811.6,90950
5,"20220224  13:30:00",809.5,815.95,800.25,801.45,157250
6,"20220224  14:30:00",800.5,803.75,793.3,798.05,232050
7,"20220225  09:15:00",812.2,837.75,812.2,837.75,81600
8,"20220225  09:30:00",837.25,848.2,835.65,847.95,164900
9,"20220225  10:30:00",847.25,852.75,845.65,851.1,111350
10,"20220225  11:30:00",851.7,857.3,848.6,853.75,101150
11,"20220225  12:30:00",853.8,856.65,849.1,852.3,93500
12,"20220225  13:30:00",853.5,859.2,850.35,858.35,102000
13,"20220225  14:30:00",857.8,863.65,853.45,858.5,218450
14,"20220228  09:15:00",853.75,855.55,842.65,845.7,64600
15,"20220228  09:30:00",846.05,851.9,845.1,849.15,81600
16,"20220228  10:30:00",850.2,857.55,850.2,856.25,62900
17,"20220228  11:30:00",857.1,857.1,850.2,852.85,45900
18,"20220228  12:30:00",852.6,854.9,847.7,851.05,42500
19,"20220228  13:30:00",850.85,853.2,846,851.5,51850
20,"20220228  14:30:00",850.7,858.1,849.65,855.6,105400
21,"20220302  09:15:00",849.05,851,838.9,848.2,49300
22,"20220302  09:30:00",847.25,852.85,843.05,845.15,67150
23,"20220302  10:30:00",844.6,850.95,844.6,850.95,30600
24,"20220302  11:30:00",850.9,850.95,836.4,837.45,91800
25,"20220302  12:30:00",837.2,840.7,835.4,839.15,68000
26,"20220302  13:30:00",839.25,839.45,828.1,829.25,67150
27,"20220302  14:30:00",829.25,838.6,829.25,837.65,165750
28,"20220303  09:15:00",844.8,845.15,834.35,835.1,54400
29,"20220303  09:30:00",835.25,837.05,825.1,826.05,126650
30,"20220303  10:30:00",825.5,827.85,821.6,824.4,68850
31,"20220303  11:30:00",824.2,824.8,815.95,816.7,91800
32,"20220303  12:30:00",816.1,816.7,808.3,809.9,92650
33,"20220303  13:30:00",809.1,813.8,807.95,810.25,75650
34,"20220303  14:30:00",810.85,820.3,810.2,814.95,221850
35,"20220304  09:15:00",806.65,807.6,800.65,800.65,59500
36,"20220304  09:30:00",801.5,804.2,785.9,788.05,152150
37,"20220304  10:30:00",788.2,791.6,783.3,791.1,111350
38,"20220304  11:30:00",791.6,793.35,782.75,783.6,130050
39,"20220304  12:30:00",782.9,792.25,780.85,791,161500
40,"20220304  13:30:00",791.15,792.3,772.35,775.65,147900
41,"20220304  14:30:00",776.3,778.45,762.35,763.3,198900
42,"20220307  09:15:00",752.35,752.35,739.35,746.3,94350
43,"20220307  09:30:00",746.25,746.95,733.75,735.8,141950
44,"20220307  10:30:00",735.2,756.3,733.6,752.05,121550
45,"20220307  11:30:00",751.4,752.2,739.5,741.8,65450
46,"20220307  12:30:00",742.85,745.75,736.1,736.1,32300
47,"20220307  13:30:00",737.55,740.45,728.7,734.3,76500
48,"20220307  14:30:00",734.65,750.35,734.65,750.35,124950
49,"20220308  09:15:00",744.95,747.4,741.15,742.8,38250
50,"20220308  09:30:00",741.5,751.3,737.45,747.65,121550
51,"20220308  10:30:00",748.65,753.5,742.05,744.45,65450
52,"20220308  11:30:00",744.7,744.7,739,743.75,49300
53,"20220308  12:30:00",742.5,743.2,731.9,734.65,36550
54,"20220308  13:30:00",735.5,747.6,735.4,745.9,57800
55,"20220308  14:30:00",746.2,761.4,745.8,760.3,161500
56,"20220309  09:15:00",759.35,761.35,754.05,757.6,51850
57,"20220309  09:30:00",757.75,759.05,751.85,756.4,90950
58,"20220309  10:30:00",754.65,760.05,751.75,753.2,63750
59,"20220309  11:30:00",753.45,765.75,752.35,764.75,79050
60,"20220309  12:30:00",763.75,765.15,759.6,760.5,62050
61,"20220309  13:30:00",760.5,776.2,760.3,771.35,135150
62,"20220309  14:30:00",771.15,774.6,766.65,768.85,185300
63,"20220310  09:15:00",795.6,795.6,778.2,792.05,96900
64,"20220310  09:30:00",792.05,792.05,786.2,788.6,126650
65,"20220310  10:30:00",789.1,797.5,785.35,791.95,126650
66,"20220310  11:30:00",793.25,797,788.95,790.35,74800
67,"20220310  12:30:00",790.5,790.5,780.35,781,84150
68,"20220310  13:30:00",781.75,782.15,762.85,767.45,219300
69,"20220310  14:30:00",767.55,772.1,759.6,759.6,105400
70,"20220311  09:15:00",758.65,773.45,757.85,773.45,48450
71,"20220311  09:30:00",773.7,781.45,768,770.9,117300
72,"20220311  10:30:00",769.8,776.7,768.35,775.35,78200
73,"20220311  11:30:00",777.75,780.85,775.6,776.35,41650
74,"20220311  12:30:00",776.75,780.35,772.55,774.5,69700
75,"20220311  13:30:00",774.8,777.55,772.5,776.35,82450
76,"20220311  14:30:00",776.3,786.25,774.1,783.5,163200
77,"20220314  09:15:00",784.6,786.25,779.05,779.15,25500
78,"20220314  09:30:00",778.05,780.15,772.95,775.75,56950
79,"20220314  10:30:00",775.05,777.9,773.7,777.9,27200
80,"20220314  11:30:00",777.65,777.65,773.3,775.85,51850
81,"20220314  12:30:00",776.3,784.3,775.65,783.45,51000
82,"20220314  13:30:00",783.5,810.65,783.5,807.6,419050
83,"20220314  14:30:00",807.6,814,802.3,806.4,440300
84,"20220315  09:15:00",805.65,812.1,799.75,810.4,47600
85,"20220315  09:30:00",811.3,816.1,804,814.15,131750
86,"20220315  10:30:00",811.5,814.5,807.8,810.4,56950
87,"20220315  11:30:00",809.35,809.35,801.85,804.8,71400
88,"20220315  12:30:00",803.25,803.25,786.65,789.95,181050
89,"20220315  13:30:00",790,795.95,786.95,790.65,103700
90,"20220315  14:30:00",791.45,797.45,790.5,795.25,89250
91,"20220316  09:15:00",804.1,806.45,801.2,803.45,33150
92,"20220316  09:30:00",803.9,804.4,796.45,796.6,85000
93,"20220316  10:30:00",798.15,801.3,797.5,799.05,61200
94,"20220316  11:30:00",799,801.6,797.75,799.95,74800
95,"20220316  12:30:00",799.3,801.1,797.1,797.7,65450
96,"20220316  13:30:00",797.7,799.1,785.55,792.1,168300
97,"20220316  14:30:00",791.5,796.95,789.5,796.35,117300
98,"20220317  09:15:00",803.75,807.05,803.75,804.85,43350
99,"20220317  09:30:00",804.35,822.15,804.35,816.8,224400
100,"20220317  10:30:00",817.8,829.6,815.7,826.9,170000
101,"20220317  11:30:00",827.5,829.25,823.25,827.3,161500
102,"20220317  12:30:00",826.2,828.8,825.1,827.55,153000
103,"20220317  13:30:00",827.05,828.35,821.45,822.25,127500
104,"20220317  14:30:00",823.7,830,822.65,826.55,177650
105,"20220321  09:15:00",825.85,829.85,822.5,828.6,50150
106,"20220321  09:30:00",829,842.55,827.95,840.8,313650
107,"20220321  10:30:00",841.45,844.45,837.3,842.5,84150
108,"20220321  11:30:00",842.2,863.6,839.45,856.4,349350
109,"20220321  12:30:00",855.85,856.5,841.55,845,180200
110,"20220321  13:30:00",845.85,849.5,843.45,846.05,62900
111,"20220321  14:30:00",845.25,846.3,840.65,843.55,119850
112,"20220322  09:15:00",843.55,843.55,834.3,834.3,44200
113,"20220322  09:30:00",834.05,835.3,825.05,826.4,99450
114,"20220322  10:30:00",826.7,833.45,824.65,832.8,42500
115,"20220322  11:30:00",832.7,832.7,825.85,829.45,32300
116,"20220322  12:30:00",829.55,838.95,828.05,836.2,53550
117,"20220322  13:30:00",836.55,846.9,836.4,838.85,86700
118,"20220322  14:30:00",840.45,843.25,836.7,842.4,95200
119,"20220323  09:15:00",842.65,849.1,842.65,846.6,24650
120,"20220323  09:30:00",844.65,846.45,835.85,838.35,71400
121,"20220323  10:30:00",839.5,845.4,839.5,843.75,37400
122,"20220323  11:30:00",842.6,843.75,837.1,843.1,48450
123,"20220323  12:30:00",844.2,846.8,840.8,845.3,27200
124,"20220323  13:30:00",846.45,847.25,841.75,842.45,26350
125,"20220323  14:30:00",843.1,846.4,840.9,841,60350
126,"20220324  09:15:00",843.45,848.2,841.3,847.75,33150
127,"20220324  09:30:00",847.75,854.65,845.15,845.15,118150
128,"20220324  10:30:00",845.4,851.4,845,849.4,36550
129,"20220324  11:30:00",849.45,852.5,846.95,847.2,38250
130,"20220324  12:30:00",847.3,850.2,847.3,850.2,18700
131,"20220324  13:30:00",850.7,852.55,849.1,851.2,34000
132,"20220324  14:30:00",850.8,851.4,847.6,848.65,77350
133,"20220325  09:15:00",852.9,855.35,851.35,855.35,28050
134,"20220325  09:30:00",855.25,859.3,850.25,852.65,45900
135,"20220325  10:30:00",852.95,858.6,851.55,857.75,25500
136,"20220325  11:30:00",855.75,855.75,848.5,853.4,28050
137,"20220325  12:30:00",852.5,853.15,849.85,849.85,5950
138,"20220325  13:30:00",851.35,851.95,847.8,851.95,19550
139,"20220325  14:30:00",852.5,857.1,851.1,852.6,39100
140,"20220328  09:15:00",856.65,860.3,850.2,850.2,26350
141,"20220328  09:30:00",850.65,852.75,842.35,842.35,46750
142,"20220328  10:30:00",841.65,848.35,841.4,841.55,52700
143,"20220328  11:30:00",841.8,843.7,839.25,843.7,46750
144,"20220328  12:30:00",844.4,849.8,844.4,848.7,36550
145,"20220328  13:30:00",846.85,848.15,842.75,845,58650
146,"20220328  14:30:00",845.05,845.9,837.95,842.2,82450
147,"20220329  09:15:00",848.95,854.05,844.95,853.85,38250
148,"20220329  09:30:00",853.15,859.85,851.05,857.65,130900
149,"20220329  10:30:00",857.6,863.45,853.85,855.3,86700
150,"20220329  11:30:00",854.5,858.95,851.3,857.05,73100
151,"20220329  12:30:00",857.2,858.05,852,853,62900
152,"20220329  13:30:00",853.35,856,851.4,853.65,76500
153,"20220329  14:30:00",854.45,856.05,851.45,853.85,127500
154,"20220330  09:15:00",853.85,860.2,853.85,857.55,45050
155,"20220330  09:30:00",857.05,857.25,853.85,856.5,55250
156,"20220330  10:30:00",857.15,864,856.25,857.8,96050
157,"20220330  11:30:00",858.15,860.3,856.7,856.7,56950
158,"20220330  12:30:00",856.45,872.25,856.45,870.05,187850
159,"20220330  13:30:00",870.2,875.5,867.7,868.15,127500
160,"20220330  14:30:00",867.55,872.95,866.75,869.55,129200
161,"20220331  09:15:00",874.15,878.35,869.1,869.7,43350
162,"20220331  09:30:00",869.55,876.85,869.55,873.35,62900
163,"20220331  10:30:00",874.95,875.55,873.75,873.85,22950
164,"20220331  11:30:00",874.4,876,872.7,873.5,40800
165,"20220331  12:30:00",873.55,886.35,872,883.85,222700
166,"20220331  13:30:00",883.25,885.6,881.85,883.15,71400
167,"20220331  14:30:00",883.25,887.05,882.05,885.9,138550
168,"20220401  09:15:00",894.55,899.95,882.7,887.5,103700
169,"20220401  09:30:00",886.65,891.4,884.4,887.95,98600
170,"20220401  10:30:00",886.45,887.8,881.55,883.45,58650
171,"20220401  11:30:00",882.65,885.2,879.75,881.55,51850
172,"20220401  12:30:00",882,882.45,878.3,878.6,40800
173,"20220401  13:30:00",878.35,883.4,877.9,882.45,41650
174,"20220401  14:30:00",880.6,883.85,879.95,880.65,107100
175,"20220404  09:15:00",885.2,897.15,884.3,892.6,83300
176,"20220404  09:30:00",893.15,893.7,889.2,892.2,53550
177,"20220404  10:30:00",891.05,893.4,889.5,893.4,34000
178,"20220404  11:30:00",892.05,896.3,891.65,892.15,49300
179,"20220404  12:30:00",892.2,895,891.05,894.6,35700
180,"20220404  13:30:00",895.6,902.55,894.9,901.4,135150
181,"20220404  14:30:00",901.25,902.1,899.05,900.15,109650
182,"20220405  09:15:00",903.55,909.7,901.85,905.5,54400
183,"20220405  09:30:00",905.85,906.9,902.25,906.9,85000
184,"20220405  10:30:00",906.9,908.25,901.2,902.15,44200
185,"20220405  11:30:00",903.5,912.35,902.95,910.7,80750
186,"20220405  12:30:00",911.6,913.65,910.75,911.8,53550
187,"20220405  13:30:00",911.15,913.8,909.15,912.4,73950
188,"20220405  14:30:00",911.05,914.7,907.45,907.7,115600
189,"20220406  09:15:00",905.15,909.45,901.7,906.75,34850
190,"20220406  09:30:00",906.55,907.35,895.95,900.4,101150
191,"20220406  10:30:00",899,905.25,896.3,902.65,53550
192,"20220406  11:30:00",902.9,902.9,898.25,902.05,31450
193,"20220406  12:30:00",900.9,900.9,894.45,894.45,29750
194,"20220406  13:30:00",894.45,898.15,894.45,896.15,40800
195,"20220406  14:30:00",897.1,903.05,894.95,900.7,102000
196,"20220407  09:15:00",890.9,901.35,890.9,899.5,24650
197,"20220407  09:30:00",899.45,899.95,893.65,893.65,34000
198,"20220407  10:30:00",895.15,895.2,888.35,893.05,65450
199,"20220407  11:30:00",893.95,897.8,892.95,896.75,32300
200,"20220407  12:30:00",896.2,901.7,896.2,896.3,105400
201,"20220407  13:30:00",896.2,896.2,888.45,889.85,65450
202,"20220407  14:30:00",890.45,896.35,888.9,893.35,63750
203,"20220408  09:15:00",894.45,899.05,893.5,894.6,34000
204,"20220408  09:30:00",894.5,900.75,894.5,897.95,63750
205,"20220408  10:30:00",899.1,902.65,894.45,895.65,52700
206,"20220408  11:30:00",895.35,905.05,893.8,898.5,89250
207,"20220408  12:30:00",898.35,899.5,896.35,898.15,22100
208,"20220408  13:30:00",898.95,903.3,898.95,899.9,57800
209,"20220408  14:30:00",900.25,901.65,897.3,898.4,72250
210,"20220411  09:15:00",896.05,899.8,895.35,896.3,22950
211,"20220411  09:30:00",896.3,896.6,889.75,889.85,79050
212,"20220411  10:30:00",889.85,890.7,880.6,881.55,82450
213,"20220411  11:30:00",880.6,888.9,880.6,883.7,38250
214,"20220411  12:30:00",883.75,893.4,883.35,893.4,34000
215,"20220411  13:30:00",893.5,896.25,892.8,894,34850
216,"20220411  14:30:00",893.15,894.05,885.85,889.2,58650
217,"20220412  09:15:00",889.75,889.9,882.45,885.75,43350
218,"20220412  09:30:00",884,884,868.7,869.25,117300
219,"20220412  10:30:00",869.5,880.6,869.5,879.7,26350
220,"20220412  11:30:00",878.7,881.55,877.8,878.6,24650
221,"20220412  12:30:00",878,880.2,874,875.75,31450
222,"20220412  13:30:00",875.75,882.35,874.95,882.3,50150
223,"20220412  14:30:00",882,885.05,879.75,881.55,53550
224,"20220413  09:15:00",885.15,891.65,885.15,890.75,19550
225,"20220413  09:30:00",890.75,893.7,887.95,888.1,56100
226,"20220413  10:30:00",887.9,893.6,887.9,893.05,17850
227,"20220413  11:30:00",893.85,897.1,887.05,887.05,51850
228,"20220413  12:30:00",886.25,889.15,884.05,885.2,33150
229,"20220413  13:30:00",884.7,887.5,881.05,887.5,39100
230,"20220413  14:30:00",885.2,885.2,881.2,882,48450
231,"20220418  09:15:00",868.15,877.7,866.75,877.7,34850
232,"20220418  09:30:00",876,879.7,861.85,863.95,79900
233,"20220418  10:30:00",863.8,867.05,860.8,864.45,37400
234,"20220418  11:30:00",864,866.2,861.3,861.45,22100
235,"20220418  12:30:00",862.15,864,857.55,863.85,46750
236,"20220418  13:30:00",864.05,874.1,864.05,873.4,36550
237,"20220418  14:30:00",872.8,876,867.7,868.5,141950
238,"20220419  09:15:00",862.3,878.25,862.3,875.3,21250
239,"20220419  09:30:00",875.3,875.55,872.25,872.6,34000
240,"20220419  10:30:00",873.3,878.25,873.3,878.25,22950
241,"20220419  11:30:00",877.85,882.45,877.4,882.2,39100
242,"20220419  12:30:00",880.4,882.25,878.05,881.55,30600
243,"20220419  13:30:00",881.35,881.55,875.05,876.95,27200
244,"20220419  14:30:00",876.3,880.05,853.75,854.25,199750
245,"20220420  09:15:00",863.1,874,860,874,28900
246,"20220420  09:30:00",874.9,877.45,868.65,873.75,54400
247,"20220420  10:30:00",873.75,874.25,869,869.9,36550
248,"20220420  11:30:00",868.9,871.4,863.05,868.1,47600
249,"20220420  12:30:00",868.2,872.15,866.65,870.55,39950
250,"20220420  13:30:00",870.45,871.5,861.3,863.1,81600
251,"20220420  14:30:00",864.5,869.9,862.15,865.9,60350
252,"20220421  09:15:00",873,876.85,873,876.15,17000
253,"20220421  09:30:00",875.05,876.3,870.55,874.3,45050
254,"20220421  10:30:00",873.4,877.85,873.4,875.75,31450
255,"20220421  11:30:00",875.65,880.05,875.5,878.75,21250
256,"20220421  12:30:00",878.65,880,877.75,877.85,23800
257,"20220421  13:30:00",877.85,879.55,874.2,875.05,51000
258,"20220421  14:30:00",875.75,875.75,869.75,872,74800
259,"20220422  09:15:00",870.3,874,868.7,869.05,14450
260,"20220422  09:30:00",867.3,868.8,864.2,865.95,25500
261,"20220422  10:30:00",865.95,867.15,863.65,863.65,13600
262,"20220422  11:30:00",862.7,863.65,858.7,861.95,25500
263,"20220422  12:30:00",861.95,862.65,860.05,861.35,20400
264,"20220422  13:30:00",861.2,861.2,855.35,857.3,17850
265,"20220422  14:30:00",857.2,857.2,850.4,851.7,42500
266,"20220425  09:15:00",843.4,843.4,835.95,837.35,30600
267,"20220425  09:30:00",837.35,841.4,829,839.8,68850
268,"20220425  10:30:00",838.6,839.6,828.2,829.2,56100
269,"20220425  11:30:00",829.2,829.2,824.25,824.25,51850
270,"20220425  12:30:00",823.95,825.7,822.6,822.65,53550
271,"20220425  13:30:00",822.65,825.2,821.95,823.2,53550
272,"20220425  14:30:00",823.15,823.4,817.35,819.9,73100
273,"20220426  09:15:00",888.05,888.05,828.55,829.4,34850
274,"20220426  09:30:00",830.4,833.5,829.75,831.5,65450
275,"20220426  10:30:00",830.9,836.9,830.9,835.1,62900
276,"20220426  11:30:00",835.4,835.4,832.7,833.2,25500
277,"20220426  12:30:00",833.9,835.05,830.5,834.95,43350
278,"20220426  13:30:00",835.5,839.9,834.45,836.9,68850
279,"20220426  14:30:00",837.65,837.65,822.55,827.95,135150
280,"20220427  09:15:00",818.85,823.15,817.2,822.45,37400
281,"20220427  09:30:00",822.85,822.85,808.05,813.45,123250
282,"20220427  10:30:00",811.95,814.75,806.1,807.8,84150
283,"20220427  11:30:00",807.65,809.9,802.9,809.85,62050
284,"20220427  12:30:00",810,813.35,805.5,811.95,51000
285,"20220427  13:30:00",812.3,813.95,808.45,809.85,98600
286,"20220427  14:30:00",809.2,815.2,809.05,813.35,124950
287,"20220428  09:15:00",814.15,818.85,811.85,814.5,26350
288,"20220428  09:30:00",814.4,816.35,811.05,811.05,61200
289,"20220428  10:30:00",809.85,810.05,807,809.5,34850
290,"20220428  11:30:00",809.65,814.65,809.35,814.1,63750
291,"20220428  12:30:00",813.95,816.05,813.4,814.4,47600
292,"20220428  13:30:00",815.05,816.55,810.65,813.55,89250
293,"20220428  14:30:00",813.6,823,813.6,820.8,94350
294,"20220429  09:15:00",819.75,832.65,819.75,825.35,36550
295,"20220429  09:30:00",827.65,827.65,817.95,822.65,66300
296,"20220429  10:30:00",823.25,828.75,822.4,828.55,41650
297,"20220429  11:30:00",828.8,834,826.8,833.8,61200
298,"20220429  12:30:00",833.25,834.7,830.6,834.55,53550
299,"20220429  13:30:00",834.7,835.75,816.6,820.05,108800
300,"20220429  14:30:00",820.8,828.3,817.65,821.2,187850
301,"20220502  09:15:00",813,816.6,802.75,802.75,54400
302,"20220502  09:30:00",803.95,816.05,797.2,797.2,229500
303,"20220502  10:30:00",797.45,804.6,796.55,800.7,82450
304,"20220502  11:30:00",800.8,806.8,800.8,806.5,47600
305,"20220502  12:30:00",806.3,809,800.75,800.75,55250
306,"20220502  13:30:00",801.8,802.2,792.2,793.25,81600
307,"20220502  14:30:00",792.6,800.35,779.55,783.25,249900
308,"20220504  09:15:00",788.9,788.9,781.65,785.2,43350
309,"20220504  09:30:00",785,787.3,781.2,781.2,73950
310,"20220504  10:30:00",782.2,784.45,777.8,782.9,54400
311,"20220504  11:30:00",782.55,785.35,781.5,782.6,41650
312,"20220504  12:30:00",781.85,787.8,780.95,786.65,53550
313,"20220504  13:30:00",785.65,788.45,777.45,784.3,131750
314,"20220504  14:30:00",783.6,783.6,770.3,776.85,124950
315,"20220505  09:15:00",773.45,787.65,773.45,784.55,46750
316,"20220505  09:30:00",785.45,790.45,783.95,787,71400
317,"20220505  10:30:00",787.5,787.5,777.05,779,54400
318,"20220505  11:30:00",778.5,781.8,776.45,780.45,22950
319,"20220505  12:30:00",780.15,785.55,777.95,783.2,52700
320,"20220505  13:30:00",783.8,784.75,767.95,771.8,83300
321,"20220505  14:30:00",771.35,773.7,765.35,769.25,104550
322,"20220506  09:15:00",743.2,759.5,743.2,750.85,48450
323,"20220506  09:30:00",751.05,754.4,742.9,746.45,104550
324,"20220506  10:30:00",746.85,748.05,740,740.8,56100
325,"20220506  11:30:00",740,741.8,735.95,738.45,86700
326,"20220506  12:30:00",738.2,741.65,738.2,740.5,45050
327,"20220506  13:30:00",740.5,740.75,734.5,734.85,89250
328,"20220506  14:30:00",733.55,740.2,731.1,737.9,125800
329,"20220509  10:30:00",731,731.8,731,731.35,2550
330,"20220509  11:30:00",731.85,735.4,729.85,733.25,39950
331,"20220509  12:30:00",734.25,734.25,719.7,727.1,90950
332,"20220509  13:30:00",727.95,727.95,715.6,716.3,76500
333,"20220509  14:30:00",716.35,728,716.35,721.55,112200
334,"20220510  09:30:00",725.6,726.2,721.7,722.9,28050
335,"20220510  10:30:00",723.4,723.4,717.25,717.25,40800
336,"20220510  11:30:00",717.7,724.3,717.7,723.6,34850
337,"20220510  12:30:00",722.8,728.55,722.7,723.75,87550
338,"20220510  13:30:00",723.05,727.15,716.3,717.6,92650
339,"20220510  14:30:00",717,718.95,707.7,708.6,133450
340,"20220511  09:15:00",713.25,721.55,711.6,717.9,41650
341,"20220511  09:30:00",717,717.9,702.95,703.35,96900
342,"20220511  10:30:00",703.15,704.85,700.5,702.65,37400
343,"20220511  11:30:00",701.85,704.45,699.15,700.3,44200
344,"20220511  12:30:00",700.15,701,689.1,693.1,73100
345,"20220511  13:30:00",693.3,704.1,692.85,698.75,105400
346,"20220511  14:30:00",698.6,698.6,689.05,690.2,178500
347,"20220512  09:15:00",654.05,685.6,654.05,685.1,62050
348,"20220512  09:30:00",683.9,687.05,680.05,685.75,87550
349,"20220512  10:30:00",685.6,695.4,682.8,687.75,200600
350,"20220512  11:30:00",688.1,699.05,686.85,694.75,107950
351,"20220512  12:30:00",693.05,695.45,687.3,694.95,68850
352,"20220512  13:30:00",694.4,694.4,678.15,678.8,107100
353,"20220512  14:30:00",678.95,687.45,670.6,686.8,128350
354,"20220513  09:15:00",699.4,703.7,695.1,703.65,61200
355,"20220513  09:30:00",704.4,707.15,693.85,699.1,81600
356,"20220513  10:30:00",699.4,705.7,698.25,705.7,30600
357,"20220513  11:30:00",705.65,712.05,704.35,709.05,51000
358,"20220513  12:30:00",708.8,711.5,706.05,709.8,58650
359,"20220513  13:30:00",709.8,711.4,699.2,699.3,94350
360,"20220513  14:30:00",699,702.15,686.3,694.25,187000
361,"20220516  09:15:00",703.95,703.95,691.8,696.3,35700
362,"20220516  09:30:00",696.2,704.6,695.3,700.05,102000
363,"20220516  10:30:00",699.45,704,697.85,699.15,62900
364,"20220516  11:30:00",700.6,703,694.85,695.85,73100
365,"20220516  12:30:00",694.1,699.35,692.15,697.65,73100
366,"20220516  13:30:00",696.7,701.15,696.5,700,49300
367,"20220516  14:30:00",700.95,702.8,697.55,700.85,131750
368,"20220517  09:15:00",699.35,705.75,698.45,702.25,39100
369,"20220517  09:30:00",702.65,703.45,699.15,700.3,68850
370,"20220517  10:30:00",700.5,705.8,697.7,703.9,104550
371,"20220517  11:30:00",704.1,710.45,704.1,709.05,95200
372,"20220517  12:30:00",709.7,715.8,709.7,711.35,63750
373,"20220517  13:30:00",712.4,714.4,710.5,713.6,60350
374,"20220517  14:30:00",713.4,718.55,712.5,714.7,151300
375,"20220518  09:15:00",721.55,723.15,715,720.3,39100
376,"20220518  09:30:00",720.15,724.9,716.3,718.05,102000
377,"20220518  10:30:00",716.7,721.4,716.3,720.1,46750
378,"20220518  11:30:00",720.6,723.35,712.8,714.15,71400
379,"20220518  12:30:00",714.55,727.1,714.2,727.05,92650
380,"20220518  13:30:00",726.25,730.55,720.55,726.85,68850
381,"20220518  14:30:00",725.9,726.85,721.35,725.3,101150
382,"20220519  09:15:00",705.85,712.7,700,701.45,69700
383,"20220519  09:30:00",703.95,704.8,696.05,702.2,139400
384,"20220519  10:30:00",702.65,704.7,695.7,695.7,37400
385,"20220519  11:30:00",695.35,695.5,692.05,694.2,46750
386,"20220519  12:30:00",692.95,693.85,688.3,691.25,51000
387,"20220519  13:30:00",690.35,692,684.75,684.75,60350
388,"20220519  14:30:00",684.75,690.8,683.55,690.1,85000
389,"20220520  09:15:00",700.15,708.25,699.15,706.6,19550
390,"20220520  09:30:00",707.05,716.4,707.05,715.2,45050
391,"20220520  10:30:00",715.35,715.75,710.6,713,22100
392,"20220520  11:30:00",713.05,713.05,704.55,704.75,36550
393,"20220520  12:30:00",701.95,709.4,701.95,708.65,22100
394,"20220520  13:30:00",707.55,707.55,703.5,703.85,17850
395,"20220520  14:30:00",702.8,711.4,701.8,711.4,34850
396,"20220523  09:15:00",712.05,712.85,703.45,709.85,42500
397,"20220523  09:30:00",710.2,714.3,707.7,710.35,57800
398,"20220523  10:30:00",710.1,714.8,708.65,714.55,50150
399,"20220523  11:30:00",714.45,718.5,714.45,717.4,31450
400,"20220523  12:30:00",717.9,718.55,711.2,711.2,69700
401,"20220523  13:30:00",711.6,711.8,703,706.5,56100
402,"20220523  14:30:00",704.95,705.9,702.15,703.7,73100
403,"20220524  09:15:00",703.5,707.65,701.7,701.7,29750
404,"20220524  09:30:00",701.25,703.2,690.55,692.75,115600
405,"20220524  10:30:00",693.8,696.85,689.85,694.3,73950
406,"20220524  11:30:00",695.7,700.4,695.6,697.7,55250
407,"20220524  12:30:00",697.15,701.05,694.1,695.35,54400
408,"20220524  13:30:00",695.95,698.9,689.95,689.95,44200
409,"20220524  14:30:00",691,700.45,689.3,700,75650
410,"20220525  09:15:00",702.35,703.85,699.25,700.85,24650
411,"20220525  09:30:00",700.15,700.2,691,693.8,69700
412,"20220525  10:30:00",693.1,697,691.15,695.75,58650
413,"20220525  11:30:00",695,695.1,684.25,689.1,100300
414,"20220525  12:30:00",687.25,696.3,687.25,696.3,234600
415,"20220525  13:30:00",695.65,695.65,684.2,691.75,94350
416,"20220525  14:30:00",691.65,692.65,683.2,684.05,78200
417,"20220526  09:15:00",686.15,687.3,684.55,685.7,33150
418,"20220526  09:30:00",684.95,684.95,664.95,665.85,141950
419,"20220526  10:30:00",663.85,669.3,662.45,668.8,85000
420,"20220526  11:30:00",668.65,679.75,668.55,677.9,82450
421,"20220526  12:30:00",678.9,689.1,677.6,689.1,104550
422,"20220526  13:30:00",690,696.85,686.55,690.65,97750
423,"20220526  14:30:00",690.35,695.1,689.4,693.4,99450
424,"20220527  09:15:00",702.8,714.9,697.75,713.9,63750
425,"20220527  09:30:00",713.95,713.95,701.8,703.85,78200
426,"20220527  10:30:00",702.95,709.4,699.9,701.65,34850
427,"20220527  11:30:00",702.1,703,698.3,703,31450
428,"20220527  12:30:00",704,704.5,700.6,703.15,28050
429,"20220527  13:30:00",703.85,708.8,702.6,707.2,42500
430,"20220527  14:30:00",707.3,710.85,705.5,709.4,107100
431,"20220530  09:15:00",714.65,735.95,714.65,721.95,134300
432,"20220530  09:30:00",721.05,740.85,720.45,739.3,200600
433,"20220530  10:30:00",740.4,744.4,734.45,743.4,102850
434,"20220530  11:30:00",743.45,757.8,741.25,756.05,194650
435,"20220530  12:30:00",756.05,756.05,747.4,749.85,104550
436,"20220530  13:30:00",749.45,749.45,742.6,748.1,62900
437,"20220530  14:30:00",748.6,752.7,746.5,751.55,208250
438,"20220531  09:15:00",732.4,735.9,725.95,727.75,124950
439,"20220531  09:30:00",726.9,726.9,712.8,718.05,453050
440,"20220531  10:30:00",718.05,719.95,708,713.45,332350
441,"20220531  11:30:00",713,714.55,710.25,711.7,167450
442,"20220531  12:30:00",711.65,711.8,707.75,709.55,165750
443,"20220531  13:30:00",709.55,712.9,709.5,711.85,175100
444,"20220531  14:30:00",711.7,711.9,701.25,702.25,306850
445,"20220601  09:15:00",707.15,707.15,695,698.85,73100
446,"20220601  09:30:00",698.15,698.15,689.9,693.8,186150
447,"20220601  10:30:00",693.8,694.75,688.95,689.6,117300
448,"20220601  11:30:00",689.5,691.85,689.1,690.2,83300
449,"20220601  12:30:00",690.95,691.4,685.2,686.05,96050
450,"20220601  13:30:00",685.8,688.65,683.05,683.05,139400
451,"20220601  14:30:00",683.65,692.25,683.25,692.25,146200
452,"20220602  09:15:00",688.5,693.55,687.5,690.1,43350
453,"20220602  09:30:00",689.45,689.7,683.05,687.55,112200
454,"20220602  10:30:00",687.95,689.85,685.9,689.5,62900
455,"20220602  11:30:00",689.85,691.3,688.15,688.15,52700
456,"20220602  12:30:00",689.1,690.3,683.6,683.65,102000
457,"20220602  13:30:00",683.6,685.9,682.1,684.5,168300
458,"20220602  14:30:00",684.1,685.5,681.9,685,206550
459,"20220603  09:15:00",695.45,695.45,689.65,689.75,42500
460,"20220603  09:30:00",690.95,695.4,686.35,686.8,230350
461,"20220603  10:30:00",687.45,688.2,678.75,682.65,181900
462,"20220603  11:30:00",683.1,686.65,683.1,684.4,98600
463,"20220603  12:30:00",683.7,683.7,672.75,676.2,181900
464,"20220603  13:30:00",675.55,677.8,669.05,669.6,171700
465,"20220603  14:30:00",668.95,673.85,665.2,667.3,408000
466,"20220606  09:15:00",667,671.55,663.05,664.45,153850
467,"20220606  09:30:00",664.25,670.9,662.1,666.1,202300
468,"20220606  10:30:00",665.75,666,655,656.4,181900
469,"20220606  11:30:00",656.75,665.55,655.95,664.95,179350
470,"20220606  12:30:00",664.95,666.65,662,662.35,164900
471,"20220606  13:30:00",663.55,663.8,659.25,659.35,139400
472,"20220606  14:30:00",659.95,664.7,659.2,662.25,198900
473,"20220607  09:15:00",661.85,661.85,654.8,656.95,9350
474,"20220607  09:30:00",657.6,661.1,654.1,656.85,100300
475,"20220607  10:30:00",656.85,656.85,648.45,652.65,137700
476,"20220607  11:30:00",653.2,655.65,652.2,654.85,57800
477,"20220607  12:30:00",654.95,658.95,652.95,656.8,103700
478,"20220607  13:30:00",656.8,656.8,650.05,652.1,73100
479,"20220607  14:30:00",652.1,653.05,649.85,652.7,114750
480,"20220608  09:15:00",654.9,654.9,644.95,646.25,49300
481,"20220608  09:30:00",645.15,647,639.05,645.8,140250
482,"20220608  10:30:00",645.6,652.25,645.6,652.25,125800
483,"20220608  11:30:00",652.75,653.35,650.9,651.7,97750
484,"20220608  12:30:00",651.85,654.1,645.8,647.35,96050
485,"20220608  13:30:00",646.25,648.3,643.15,643.45,80750
486,"20220608  14:30:00",643.4,649.45,640.4,646.75,181050
487,"20220609  09:15:00",645.75,646.15,638.05,645.3,76500
488,"20220609  09:30:00",645.25,648.45,640.3,644.85,127500
489,"20220609  10:30:00",644.8,648.1,643.9,645.65,78200
490,"20220609  11:30:00",645.4,645.8,642.1,644.85,42500
491,"20220609  12:30:00",644.85,650.4,644.45,647.45,114750
492,"20220609  13:30:00",648.3,654.1,648.05,650.1,156400
493,"20220609  14:30:00",650.6,658.5,650.25,658.5,229500
494,"20220610  09:15:00",646.85,652.85,646.85,650.5,42500
495,"20220610  09:30:00",650.4,661.2,649.75,660.55,161500
496,"20220610  10:30:00",660.55,661.35,655.7,657,123250
497,"20220610  11:30:00",657.5,657.75,651.9,656.1,62900
498,"20220610  12:30:00",656.05,657.45,652.4,655.4,74800
499,"20220610  13:30:00",653.6,660.45,653.6,655.65,67150
500,"20220610  14:30:00",656.4,661.45,656.4,657.35,130050
501,"20220613  09:15:00",640.45,647.95,640.3,640.85,105400
502,"20220613  09:30:00",640.75,649.5,639.35,645.25,168300
503,"20220613  10:30:00",644.9,651.25,644.45,650.15,91800
504,"20220613  11:30:00",649.6,649.6,644.9,645.4,50150
505,"20220613  12:30:00",645.15,649.05,642.6,648.2,51000
506,"20220613  13:30:00",647.7,648.2,643.45,643.5,63750
507,"20220613  14:30:00",644.45,648.55,644.05,648.05,95200
508,"20220614  09:15:00",650.25,655,649.15,650.8,45050
509,"20220614  09:30:00",649.15,661.4,647.65,659.2,266050
510,"20220614  10:30:00",658.55,660.25,655.55,657.8,90100
511,"20220614  11:30:00",657.35,659.85,654.45,655.55,75650
512,"20220614  12:30:00",655.55,659.65,654.6,657.8,88400
513,"20220614  13:30:00",658.4,658.4,651.8,655,71400
514,"20220614  14:30:00",655.75,656.15,651.95,652.2,107950
515,"20220615  09:15:00",659.2,661.45,656.8,659.6,44200
516,"20220615  09:30:00",659.65,661.45,655.95,656.8,115600
517,"20220615  10:30:00",656.8,661.2,655.9,660.55,86700
518,"20220615  11:30:00",660.9,663.3,660.2,660.65,97750
519,"20220615  12:30:00",660.55,661.3,658,659.9,54400
520,"20220615  13:30:00",659.65,660.85,653.2,656.2,78200
521,"20220615  14:30:00",655.95,660.1,654.7,654.75,134300
522,"20220616  09:15:00",656.85,664.15,656.85,663.75,69700
523,"20220616  09:30:00",664.35,664.35,658.5,659.25,78200
524,"20220616  10:30:00",658.6,660.15,647.85,648.55,127500
525,"20220616  11:30:00",649.05,651.45,647.05,648.55,146200
526,"20220616  12:30:00",648.8,649.95,638.65,641.1,128350
527,"20220616  13:30:00",640.7,646.2,637,642.7,105400
528,"20220616  14:30:00",642.7,644.4,634.5,634.5,233750
529,"20220617  09:15:00",631,632.2,622.8,622.8,73100
530,"20220617  09:30:00",622.7,639.65,617.6,626.9,209950
531,"20220617  10:30:00",627.5,635.7,626.6,630.65,61200
532,"20220617  11:30:00",629.9,632.95,628.5,632,32300
533,"20220617  12:30:00",632.9,636.05,630.4,634.75,63750
534,"20220617  13:30:00",634.1,638.3,630.35,633.4,55250
535,"20220617  14:30:00",635.1,639.05,631.65,634.95,147050
536,"20220620  09:15:00",637.15,638.05,633.95,633.95,37400
537,"20220620  09:30:00",633.85,633.85,618.35,619.45,164900
538,"20220620  10:30:00",619.55,625.55,616.05,624.55,66300
539,"20220620  11:30:00",623.45,628.15,622.2,627.2,45900
540,"20220620  12:30:00",628.75,629.8,624.75,627.1,61200
541,"20220620  13:30:00",627.8,628.9,624.6,628.65,81600
542,"20220620  14:30:00",628.65,635.55,626.2,635.4,102850
543,"20220621  09:15:00",640.25,644.35,638.85,642.3,58650
544,"20220621  09:30:00",642.3,648.7,641.5,646.75,141950
545,"20220621  10:30:00",646.75,647.3,644.3,645.3,59500
546,"20220621  11:30:00",645.35,647.4,643.95,646.25,39950
547,"20220621  12:30:00",646.25,655,646.25,650.5,171700
548,"20220621  13:30:00",650.7,652.7,649.15,650.75,59500
549,"20220621  14:30:00",651.55,653.2,646.25,650.6,100300
550,"20220622  09:15:00",639.4,647.3,639.4,640.8,36550
551,"20220622  09:30:00",639.8,640.95,631.55,635.05,122400
552,"20220622  10:30:00",635.8,639.6,634.85,635.15,62900
553,"20220622  11:30:00",635.65,636.05,629.55,634.2,79900
554,"20220622  12:30:00",635,635,630.55,632,51000
555,"20220622  13:30:00",632.5,634.7,628.9,633.15,73950
556,"20220622  14:30:00",634.75,638,632.75,634.15,90100
557,"20220623  09:15:00",636.5,640.75,636.5,639.8,22100
558,"20220623  09:30:00",639.8,644.45,639.25,641.95,85850
559,"20220623  10:30:00",641.65,643.95,640.9,641.2,53550
560,"20220623  11:30:00",640.7,641.4,633.6,639.35,92650
561,"20220623  12:30:00",639.6,640.7,636.7,640.3,61200
562,"20220623  13:30:00",640.5,645.8,640.5,645.05,87550
563,"20220623  14:30:00",645.35,650.05,644.65,649.5,102850
564,"20220624  09:15:00",653.95,656.45,651.75,651.95,13600
565,"20220624  09:30:00",652.05,659.7,652.05,656.25,35700
566,"20220624  10:30:00",656.5,658,654.15,657.85,12750
567,"20220624  11:30:00",657.75,660.35,656.85,659.9,28900
568,"20220624  12:30:00",660.1,661.45,656.6,657.2,42500
569,"20220624  13:30:00",658.75,660,657.5,658.8,12750
570,"20220624  14:30:00",658.8,659.9,656.15,657.9,38250
571,"20220627  09:15:00",666.3,666.3,660.85,661.4,23800
572,"20220627  09:30:00",661.4,668.55,660.85,665.7,164900
573,"20220627  10:30:00",665.35,667.95,663.45,667.8,60350
574,"20220627  11:30:00",667.55,667.75,665.25,666.05,41650
575,"20220627  12:30:00",665.9,670.5,665.9,668.9,64600
576,"20220627  13:30:00",668.7,670.05,666.35,667.95,61200
577,"20220627  14:30:00",668.45,668.45,665.2,667.85,91800
578,"20220628  09:15:00",667.95,668.25,659.5,659.85,51850
579,"20220628  09:30:00",659.5,660.3,656.65,657.85,82450
580,"20220628  10:30:00",657.85,661.45,657.25,661.15,34850
581,"20220628  11:30:00",661.3,661.85,659.45,660.05,43350
582,"20220628  12:30:00",659.7,663.7,659.3,661.35,53550
583,"20220628  13:30:00",661.55,662.9,659.9,662.9,49300
584,"20220628  14:30:00",662.9,663.75,659.85,660.6,78200
585,"20220629  09:15:00",652.05,653.7,651.4,652.35,45900
586,"20220629  09:30:00",652.3,656.85,651.65,656.05,73950
587,"20220629  10:30:00",656.25,656.7,652.1,655.05,58650
588,"20220629  11:30:00",655.3,655.5,649.8,651.5,75650
589,"20220629  12:30:00",651.2,652.9,651.1,651.75,31450
590,"20220629  13:30:00",652,654.15,651.75,653.15,49300
591,"20220629  14:30:00",653.15,653.15,644.95,644.95,107950
592,"20220630  09:15:00",648.85,651.5,647.4,650.3,38250
593,"20220630  09:30:00",650.3,650.65,641.9,643.35,106250
594,"20220630  10:30:00",643.35,644,640.35,643.55,70550
595,"20220630  11:30:00",643,645.85,637.9,638.75,74800
596,"20220630  12:30:00",638,649.15,636.65,648.7,82450
597,"20220630  13:30:00",648.15,649.55,646.55,647.2,51850
598,"20220630  14:30:00",647.7,647.7,641.7,644,152150
599,"20220701  09:15:00",643.3,644.05,637.85,643.1,28900
600,"20220701  09:30:00",642.45,643.6,632.75,635.1,94350
601,"20220701  10:30:00",635.25,639,634.5,638.45,44200
602,"20220701  11:30:00",638.45,640.85,634.6,640.2,62050
603,"20220701  12:30:00",639.85,642.55,639.3,640.5,35700
604,"20220701  13:30:00",640.95,643.3,640.2,642,51000
605,"20220701  14:30:00",642.25,651,642.25,650.3,150450
606,"20220704  09:15:00",649.55,650.75,644.95,647.2,27200
607,"20220704  09:30:00",646.9,646.9,637.55,640.2,107100
608,"20220704  10:30:00",639.4,641.7,638.6,640.35,36550
609,"20220704  11:30:00",640.45,644.7,638.7,643,68000
610,"20220704  12:30:00",642.95,643.85,640.6,643.5,40800
611,"20220704  13:30:00",643.55,644.8,642.25,644.55,62050
612,"20220704  14:30:00",644.45,648.45,643.85,647.25,149600
613,"20220705  09:15:00",648.35,648.5,646.2,647.7,28050
614,"20220705  09:30:00",647.05,653.05,647.05,650.6,106250
615,"20220705  10:30:00",650.3,650.35,647.4,648.6,49300
616,"20220705  11:30:00",648.25,648.25,646.8,647.15,37400
617,"20220705  12:30:00",646.8,647.7,643.6,644.25,66300
618,"20220705  13:30:00",644.7,645.35,635.95,637.55,136850
619,"20220705  14:30:00",637.55,638.4,629.5,631.1,174250
620,"20220706  09:15:00",626.5,635.6,626.5,635.6,73950
621,"20220706  09:30:00",635.1,638.35,631.4,637.2,129200
622,"20220706  10:30:00",637.45,640.45,636.95,639.4,65450
623,"20220706  11:30:00",639.55,641.7,637.6,641.25,47600
624,"20220706  12:30:00",641.55,645.7,641.55,642.65,95200
625,"20220706  13:30:00",643.95,645.1,640.85,642.65,72250
626,"20220706  14:30:00",641.95,649.7,640.8,647.7,117300
627,"20220707  09:15:00",650.45,652.15,649.45,651.65,37400
628,"20220707  09:30:00",652.05,655,651.5,654.35,172550
629,"20220707  10:30:00",654.25,656.4,652.3,653.3,66300
630,"20220707  11:30:00",653.45,654.35,651.25,652.1,27200
631,"20220707  12:30:00",651.75,652,649.65,650.45,24650
632,"20220707  13:30:00",650.45,650.6,644,647.95,51000
633,"20220707  14:30:00",648.25,653.25,648.15,653.25,68850
634,"20220708  09:15:00",656.9,658.8,654.4,658.55,68850
635,"20220708  09:30:00",658.75,663.3,658.45,659.45,164900
636,"20220708  10:30:00",659,663.1,657.8,658.6,92650
637,"20220708  11:30:00",659.2,660.8,656,658.35,58650
638,"20220708  12:30:00",658.5,661.45,658.5,661.45,43350
639,"20220708  13:30:00",661.5,664.2,659.75,660.15,104550
640,"20220708  14:30:00",659.35,669.8,657.85,668.3,217600
641,"20220711  09:15:00",669.3,669.3,660.25,661,79900
642,"20220711  09:30:00",660.25,676.1,660.25,671.65,251600
643,"20220711  10:30:00",671.85,676.9,669.6,672.8,194650
644,"20220711  11:30:00",672.6,674.4,669.8,670.6,92650
645,"20220711  12:30:00",670.6,678.65,670.35,678.1,92650
646,"20220711  13:30:00",677.75,678.5,673.95,677.5,102000
647,"20220711  14:30:00",677.65,689.85,675.65,684.3,657900
648,"20220712  09:15:00",682.5,687,674.4,684.55,129200
649,"20220712  09:30:00",684.55,690.5,681.05,683.15,232050
650,"20220712  10:30:00",682.55,684.65,677.8,678.35,141950
651,"20220712  11:30:00",677.95,678.45,674.5,675.2,104550
652,"20220712  12:30:00",675.45,677.7,672.55,676.9,78200
653,"20220712  13:30:00",676.05,679.25,673.9,677.35,67150
654,"20220712  14:30:00",677.85,678.95,669.9,671.6,135150
655,"20220713  09:15:00",674.5,680.75,672.55,678.55,43350
656,"20220713  09:30:00",679.3,680.35,674.9,675.2,83300
657,"20220713  10:30:00",675.95,682.7,673.05,680.75,77350
658,"20220713  11:30:00",680.75,682.2,679.35,679.95,59500
659,"20220713  12:30:00",679.9,679.9,675.45,676.1,44200
660,"20220713  13:30:00",675.6,680.15,673.75,680.15,49300
661,"20220713  14:30:00",680.85,682.45,677.2,678.85,83300
662,"20220714  09:15:00",681.05,686.4,679,680.6,45050
663,"20220714  09:30:00",680.2,683.85,679.7,679.7,73100
664,"20220714  10:30:00",679.3,680.75,675.6,676.65,51850
665,"20220714  11:30:00",676.5,676.5,669.55,672.55,81600
666,"20220714  12:30:00",672.35,674.15,669.45,670.35,51850
667,"20220714  13:30:00",669.8,670.1,663.7,663.7,69700
668,"20220714  14:30:00",662.95,672.8,661.45,670.85,163200
669,"20220715  09:15:00",675.05,676.1,671.1,671.1,18700
670,"20220715  09:30:00",670.95,675.35,669.75,672.45,62900
671,"20220715  10:30:00",672.2,672.45,666.35,668.9,65450
672,"20220715  11:30:00",668.15,669.25,665.6,668.1,86700
673,"20220715  12:30:00",667.8,670.35,667.1,669.55,84150
674,"20220715  13:30:00",668.8,672,666.15,671.45,102850
675,"20220715  14:30:00",671.85,674.25,671.05,673.4,105400
676,"20220718  09:15:00",680.1,680.1,676.2,677.25,30600
677,"20220718  09:30:00",678.1,680.75,677.55,678.7,54400
678,"20220718  10:30:00",678.9,679,676.85,678.25,25500
679,"20220718  11:30:00",678.3,679.1,677.25,678.8,21250
680,"20220718  12:30:00",679.3,680.85,677,677.2,51000
681,"20220718  13:30:00",676.8,677.35,674.75,676.1,31450
682,"20220718  14:30:00",676.75,683.45,676.7,679.9,144500
683,"20220719  09:15:00",679,679.95,674.75,679.95,34000
684,"20220719  09:30:00",680.75,685.9,679.15,681.45,127500
685,"20220719  10:30:00",682.8,684,679.95,679.95,34850
686,"20220719  11:30:00",679.15,680.85,674.45,679,62900
687,"20220719  12:30:00",678.8,679.15,675.75,676.75,17000
688,"20220719  13:30:00",676.9,680.3,676.25,680.05,30600
689,"20220719  14:30:00",679,681.75,678,680.05,80750
690,"20220720  09:15:00",683.7,683.9,682.7,682.7,36550
691,"20220720  09:30:00",682.7,687.95,682.1,687.95,136850
692,"20220720  10:30:00",687.95,693.75,686.4,687.7,172550
693,"20220720  11:30:00",688.25,691,687.5,688.9,57800
694,"20220720  12:30:00",688.95,689.35,682.6,687.4,70550
695,"20220720  13:30:00",687.8,691.45,684.55,685.65,98600
696,"20220720  14:30:00",685.55,686.6,681.35,681.45,56100
697,"20220721  09:15:00",685.45,687.3,681.95,685.65,24650
698,"20220721  09:30:00",685,689.15,683.95,686.85,71400
699,"20220721  10:30:00",687.3,695.45,686.05,692.85,157250
700,"20220721  11:30:00",692.5,693.15,688,688.25,121550
701,"20220721  12:30:00",687.8,690.05,687.75,688.75,34850
702,"20220721  13:30:00",688.4,690.6,686.4,689.3,48450
703,"20220721  14:30:00",689.35,720.5,687.8,716.95,793900
704,"20220722  09:15:00",718.8,718.8,710.8,716.95,59500
705,"20220722  09:30:00",716,716,704.95,708.6,109650
706,"20220722  10:30:00",709.4,713.2,705,711.4,56100
707,"20220722  11:30:00",710.5,710.5,702.15,705.6,59500
708,"20220722  12:30:00",706.05,707.5,699.45,700.5,49300
709,"20220722  13:30:00",700.45,706.95,700.45,705.5,48450
710,"20220722  14:30:00",704.95,705.9,696.85,697.2,94350
711,"20220725  09:15:00",699.45,707.4,699.05,705.05,34000
712,"20220725  09:30:00",705.9,714.8,703.8,712.5,139400
713,"20220725  10:30:00",712.55,717.85,710,712.5,145350
714,"20220725  11:30:00",712.3,715.1,710.7,713.25,51000
715,"20220725  12:30:00",711.7,713.35,709.15,711.85,42500
716,"20220725  13:30:00",711.4,714.8,711.1,712.3,40800
717,"20220725  14:30:00",713.25,714.75,707.8,708.45,82450
718,"20220726  09:15:00",704.5,713.1,702.3,711.7,64600
719,"20220726  09:30:00",711.4,711.55,704.05,705.55,107950
720,"20220726  10:30:00",704.55,705.35,700.6,701.35,84150
721,"20220726  11:30:00",700.9,701.35,695.95,697.55,103700
722,"20220726  12:30:00",697.5,699.6,696.25,699.05,66300
723,"20220726  13:30:00",699.05,699.35,692.65,694,85000
724,"20220726  14:30:00",694.85,695.4,687.5,688.4,124950
725,"20220727  09:15:00",690.3,691.2,682.7,685.7,40800
726,"20220727  09:30:00",684.1,691.95,683.95,691.95,96050
727,"20220727  10:30:00",692.05,694.9,692.05,693.95,78200
728,"20220727  11:30:00",694.05,694.2,689.5,689.8,31450
729,"20220727  12:30:00",689.5,693.95,689.5,693.95,52700
730,"20220727  13:30:00",693.7,697.65,693.35,697.45,98600
731,"20220727  14:30:00",696.9,699.9,695.05,695.05,124100
732,"20220728  09:15:00",699.3,701.65,696.4,700.1,34000
733,"20220728  09:30:00",700.4,706.85,699.25,703.3,130050
734,"20220728  10:30:00",703.25,709.1,702.6,709.1,120700
735,"20220728  11:30:00",708.2,709.05,703.15,705.95,94350
736,"20220728  12:30:00",705.95,708.6,702,702.35,109650
737,"20220728  13:30:00",703,705.1,701.3,705,73100
738,"20220728  14:30:00",704.95,706.8,701.3,705.8,130050
739,"20220729  09:15:00",710.4,713.15,709.15,711.2,55250
740,"20220729  09:30:00",710.8,713.7,706.85,709.05,124100
741,"20220729  10:30:00",708.9,710.25,704.55,708.45,85000
742,"20220729  11:30:00",708.65,718.6,708.65,716.4,169150
743,"20220729  12:30:00",716.95,721,715.45,718.8,157250
744,"20220729  13:30:00",718.8,719.7,713.9,716.3,148750
745,"20220729  14:30:00",717.1,723.1,716.65,720.55,285600
746,"20220801  09:15:00",721.3,726.85,718.35,726.85,102850
747,"20220801  09:30:00",726.2,727.85,722.65,722.65,172550
748,"20220801  10:30:00",722.9,731.35,722.45,724.2,157250
749,"20220801  11:30:00",724.2,728.8,724.2,727.1,69700
750,"20220801  12:30:00",727.05,744.5,725.75,738.5,411400
751,"20220801  13:30:00",738.1,748.35,733.8,744.5,361250
752,"20220801  14:30:00",744.6,747.7,739.8,741.7,373150
753,"20220802  09:15:00",737.2,745.4,736.95,745.3,119850
754,"20220802  09:30:00",744.2,748.85,732.25,748.85,275400
755,"20220802  10:30:00",749,749.55,743.65,743.75,136850
756,"20220802  11:30:00",744.1,749.55,744.1,746.35,107100
757,"20220802  12:30:00",747.15,748.35,744.5,746.35,87550
758,"20220802  13:30:00",746.4,751.1,746.4,748.75,126650
759,"20220802  14:30:00",749.1,752.45,745.35,746.2,238850
760,"20220803  09:15:00",748.5,755.35,743.9,752.95,89250
761,"20220803  09:30:00",753.25,753.25,742.1,744.1,195500
762,"20220803  10:30:00",743.15,747.9,739.15,742.55,95200
763,"20220803  11:30:00",743.85,746.8,741.35,741.95,56950
764,"20220803  12:30:00",741.75,746.35,741.75,743.4,52700
765,"20220803  13:30:00",743.55,744.95,739.9,744.5,41650
766,"20220803  14:30:00",744.85,750.05,743.65,746.95,128350
767,"20220804  09:15:00",748.8,757.15,748.8,754.6,55250
768,"20220804  09:30:00",755.15,761.5,752.4,752.8,219300
769,"20220804  10:30:00",752.4,754.4,743.7,743.7,98600
770,"20220804  11:30:00",743.6,746.65,733.65,742.65,162350
771,"20220804  12:30:00",742.2,749.45,742.2,745.6,47600
772,"20220804  13:30:00",745.6,748.65,744.55,746.25,42500
773,"20220804  14:30:00",745.45,748.9,745,746.4,114750
774,"20220805  09:15:00",749.1,756.3,749.1,755.85,59500
775,"20220805  09:30:00",756.3,760.05,752,758.8,180200
776,"20220805  10:30:00",759.1,759.1,752.8,753.3,64600
777,"20220805  11:30:00",753.3,756.95,752.65,756,55250
778,"20220805  12:30:00",756.4,756.75,750.5,750.95,62900
779,"20220805  13:30:00",750.95,755.15,748.25,748.3,49300
780,"20220805  14:30:00",748.25,753.4,747.35,751.5,141950
781,"20220808  09:15:00",752.8,755.05,751.45,755.05,40800
782,"20220808  09:30:00",755.25,755.55,748.35,753.6,80750
783,"20220808  10:30:00",752.75,753.35,749.4,752.55,43350
784,"20220808  11:30:00",752.3,756.35,751.05,753.1,34000
785,"20220808  12:30:00",752.8,755.85,751.85,751.85,39950
786,"20220808  13:30:00",752.3,754.6,746.2,746.2,73950
787,"20220808  14:30:00",746.75,749.8,738.6,743.2,297500
788,"20220810  09:15:00",742.05,762.9,742.05,761.95,214200
789,"20220810  09:30:00",761.95,762.6,747,757.35,341700
790,"20220810  10:30:00",758.05,762,753,762,137700
791,"20220810  11:30:00",762,765.95,756.25,758.6,190400
792,"20220810  12:30:00",758.3,760.15,754.95,756.3,90950
793,"20220810  13:30:00",756.4,759.4,753.6,757.45,97750
794,"20220810  14:30:00",757.45,760.45,753.7,760.2,288150
795,"20220811  09:15:00",757.35,758.55,740.9,748.2,320450
796,"20220811  09:30:00",747.6,754.6,745.45,748.65,304300
797,"20220811  10:30:00",748.2,751.85,747.4,748.95,68850
798,"20220811  11:30:00",749.5,750.85,746.6,749.65,52700
799,"20220811  12:30:00",749.9,753.3,748.35,750.05,83300
800,"20220811  13:30:00",749.7,752.8,747.25,750.55,62050
801,"20220811  14:30:00",750.95,751.8,749.05,749.65,123250
802,"20220812  09:15:00",751.85,754.4,751.15,751.35,56100
803,"20220812  09:30:00",751.8,756.9,744.4,756,232900
804,"20220812  10:30:00",756.4,756.95,752.3,755.8,73100
805,"20220812  11:30:00",755.7,758.3,753.9,756.8,81600
806,"20220812  12:30:00",756.6,756.85,753.75,754.9,49300
807,"20220812  13:30:00",755.15,755.2,750.55,754,88400
808,"20220812  14:30:00",753.95,755.35,751.4,751.85,169150
809,"20220816  09:15:00",758.25,770.25,752.7,763.8,211650
810,"20220816  09:30:00",764.75,767,760.75,762.15,198050
811,"20220816  10:30:00",762.15,762.5,757.9,759.35,101150
812,"20220816  11:30:00",758.95,762.9,758.3,761.5,65450
813,"20220816  12:30:00",761.25,762.75,759.2,762,51000
814,"20220816  13:30:00",762,767.65,762,762.75,127500
815,"20220816  14:30:00",764.1,766.3,762.7,764.85,141950
816,"20220817  09:15:00",769.9,772.55,769.35,771.25,87550
817,"20220817  09:30:00",771.05,771.05,763.35,764,150450
818,"20220817  10:30:00",763.65,769.8,761.9,769.6,105400
819,"20220817  11:30:00",769.6,769.85,765,767.7,68850
820,"20220817  12:30:00",767,768.4,766.2,767.35,59500
821,"20220817  13:30:00",767.4,768.05,762.9,765.45,51850
822,"20220817  14:30:00",765.85,766.95,764.55,765.6,99450
823,"20220818  09:15:00",765.75,766.2,761.05,761.05,37400
824,"20220818  09:30:00",762.55,767.2,762.55,764.3,72250
825,"20220818  10:30:00",763.5,769.7,763,765.1,69700
826,"20220818  11:30:00",765.1,765.1,759.25,760.9,56100
827,"20220818  12:30:00",761.35,763.8,760.85,763.7,28900
828,"20220818  13:30:00",763.85,765.75,761.5,765.4,27200
829,"20220818  14:30:00",765.9,767.15,765.25,765.65,70550
830,"20220819  09:15:00",767.15,771.15,767,768.65,22100
831,"20220819  09:30:00",767.95,769.35,764.3,767.5,24650
832,"20220819  10:30:00",767,768.6,760.95,760.95,30600
833,"20220819  11:30:00",761,761,751,751,45050
834,"20220819  12:30:00",750.55,756.8,749.4,756.35,24650
835,"20220819  13:30:00",754.95,755.95,747.7,750.55,53550
836,"20220819  14:30:00",751,752,746,746.7,38250
837,"20220822  09:15:00",738.55,743.55,733,736.1,47600
838,"20220822  09:30:00",737.1,738.75,724.9,731.95,117300
839,"20220822  10:30:00",732.35,733.2,725.95,727.4,51850
840,"20220822  11:30:00",728.3,734.2,727.2,731.75,61200
841,"20220822  12:30:00",733.95,734.45,726.8,726.8,48450
842,"20220822  13:30:00",726.6,726.6,720.4,722.25,52700
843,"20220822  14:30:00",722.95,723,717.65,721.7,65450
844,"20220823  09:15:00",696.9,726.9,696.9,726.9,45050
845,"20220823  09:30:00",727.2,732.35,724.8,729.1,120700
846,"20220823  10:30:00",727.55,727.75,720.75,721.55,102850
847,"20220823  11:30:00",722.4,723.3,719.4,723.3,39950
848,"20220823  12:30:00",723.15,729,722.3,724.95,68000
849,"20220823  13:30:00",724.6,725.95,722.5,725.55,51000
850,"20220823  14:30:00",725.05,729.55,722.75,729.55,107950
851,"20220824  09:15:00",730.95,730.95,724.7,725.95,24650
852,"20220824  09:30:00",725.95,726.5,722.25,724.1,76500
853,"20220824  10:30:00",723.55,724.45,713.85,719.65,130900
854,"20220824  11:30:00",719.5,721.9,715.95,717.2,90100
855,"20220824  12:30:00",717.1,717.65,713.95,717.55,66300
856,"20220824  13:30:00",717.15,719.95,717.15,719.05,59500
857,"20220824  14:30:00",719.4,725.3,719.4,724.95,122400
858,"20220825  09:15:00",728.95,729.95,726.4,728.2,32300
859,"20220825  09:30:00",728.75,733.5,728,728.35,136850
860,"20220825  10:30:00",728.85,733.15,728.1,729.8,70550
861,"20220825  11:30:00",729.7,733.5,728.75,733.35,55250
862,"20220825  12:30:00",733.45,734.1,731.7,732.9,47600
863,"20220825  13:30:00",733.55,733.95,729.45,729.7,63750
864,"20220825  14:30:00",729.4,730.55,722.9,724,175100
865,"20220826  09:15:00",728.3,740.4,727.5,737.75,73100
866,"20220826  09:30:00",737.35,741.95,736.45,738.5,102000
867,"20220826  10:30:00",739.5,742.95,737.6,740.55,80750
868,"20220826  11:30:00",741.2,746.75,740.65,742.35,59500
869,"20220826  12:30:00",742.3,743.4,739.85,740.8,37400
870,"20220826  13:30:00",740.85,746,740.4,744.8,39950
871,"20220826  14:30:00",745.1,746.55,740.9,743.25,84150
872,"20220829  09:15:00",724.95,731.95,724.45,731.3,58650
873,"20220829  09:30:00",731.35,739.35,731.35,737.75,96050
874,"20220829  10:30:00",738.7,740.9,735.95,738.7,28900
875,"20220829  11:30:00",739,740.25,737.45,739.2,27200
876,"20220829  12:30:00",739.85,741.4,738.4,740.55,20400
877,"20220829  13:30:00",741.1,743.25,740.4,741.55,36550
878,"20220829  14:30:00",741.5,744.6,740.7,742.6,101150
879,"20220830  09:15:00",748.75,749.05,746.2,748.4,34850
880,"20220830  09:30:00",747.45,752.1,745.7,749.45,116450
881,"20220830  10:30:00",748.85,750.65,747.9,750.65,45900
882,"20220830  11:30:00",748.9,755.85,748.9,754.2,82450
883,"20220830  12:30:00",754.2,766.9,753.8,764.2,444550
884,"20220830  13:30:00",763.65,764.85,760.65,762,118150
885,"20220830  14:30:00",762.05,764.7,760.35,761.85,219300
886,"20220901  09:15:00",749.65,764.3,749.65,763.45,51850
887,"20220901  09:30:00",763.8,773.05,762.8,769.3,201450
888,"20220901  10:30:00",768.8,771.4,768.1,770.1,85850
889,"20220901  11:30:00",770.05,770.15,766.95,768.05,49300
890,"20220901  12:30:00",767.85,769.65,764.3,765.3,33150
891,"20220901  13:30:00",765.2,765.95,762.65,765.05,63750
892,"20220901  14:30:00",765.2,767.95,764.3,766.6,100300
893,"20220902  09:15:00",772.7,772.7,768.7,768.95,59500
894,"20220902  09:30:00",769.15,772.35,768.55,771.6,90950
895,"20220902  10:30:00",771.6,772.5,770.2,771,30600
896,"20220902  11:30:00",770.7,777.6,770.7,773.3,147900
897,"20220902  12:30:00",773.4,773.45,771,772.55,54400
898,"20220902  13:30:00",772.95,779.1,769.85,775.6,142800
899,"20220902  14:30:00",774.8,776.25,762.5,765.25,257550
900,"20220905  09:30:00",772.85,773.95,772.85,773.3,5100
901,"20220905  10:30:00",774.1,775.55,771.05,774.25,36550
902,"20220905  11:30:00",774.1,776,772,776,37400
903,"20220905  12:30:00",775.95,779.65,774.35,774.7,89250
904,"20220905  13:30:00",775.05,775.4,773.55,775.4,29750
905,"20220905  14:30:00",776.15,776.7,773.8,774.7,56950
906,"20220906  09:15:00",779.8,780.7,775.75,776.2,43350
907,"20220906  09:30:00",776.6,778.35,767.3,767.8,83300
908,"20220906  10:30:00",768.55,773.6,768.55,773,60350
909,"20220906  11:30:00",773,778.25,772.25,775.4,49300
910,"20220906  12:30:00",775.95,777.85,774.75,775,31450
911,"20220906  13:30:00",774.4,774.9,771.25,774.6,39950
912,"20220906  14:30:00",774.15,777.8,771.6,775.7,119850
913,"20220907  09:15:00",771.6,776.6,771.6,775.55,21250
914,"20220907  09:30:00",774.65,778,773.4,777.1,63750
915,"20220907  10:30:00",777.1,777.1,769.75,770.75,37400
916,"20220907  11:30:00",771.35,776.05,771.35,776.05,22950
917,"20220907  12:30:00",776.55,776.8,773.95,776.35,28900
918,"20220907  13:30:00",775.8,777.9,775.05,776.8,21250
919,"20220907  14:30:00",777.6,779.45,776,778.45,93500
920,"20220908  09:15:00",781.65,785.95,779.8,780.05,42500
921,"20220908  09:30:00",780.8,782.45,778,778.9,39100
922,"20220908  10:30:00",778.6,779.45,776.5,778.5,41650
923,"20220908  11:30:00",779.35,781.85,778.7,780.4,30600
924,"20220908  12:30:00",780.45,784.3,780.3,781.3,49300
925,"20220908  13:30:00",781.2,782.8,781.2,782,20400
926,"20220908  14:30:00",782.95,784.4,780.5,782.55,90100
927,"20220909  09:15:00",788.95,788.95,782.6,786.7,25500
928,"20220909  09:30:00",787.6,788.95,784,784.7,69700
929,"20220909  10:30:00",784.95,786.3,783.2,783.95,34850
930,"20220909  11:30:00",783.9,786.4,779.25,779.75,56950
931,"20220909  12:30:00",779.2,788.4,779.2,783.65,71400
932,"20220909  13:30:00",783.3,787.95,781.9,784.6,49300
933,"20220909  14:30:00",784.6,787.95,783.65,785.3,99450
934,"20220912  09:15:00",792.85,793.15,788.85,790.1,42500
935,"20220912  09:30:00",791,799.95,789.4,797.35,136000
936,"20220912  10:30:00",797.2,809.1,796.4,805.9,182750
937,"20220912  11:30:00",806.35,821.15,804.5,819.15,383350
938,"20220912  12:30:00",819.6,819.6,809.9,813.6,182750
939,"20220912  13:30:00",813.65,813.65,809.1,811.95,80750
940,"20220912  14:30:00",812.4,819.9,809.55,815.05,290700
941,"20220913  09:15:00",820,825.55,816.5,825.5,93500
942,"20220913  09:30:00",825.8,828.5,817.4,824.75,292400
943,"20220913  10:30:00",824.75,827.9,819.7,827.3,159800
944,"20220913  11:30:00",827.35,827.9,823.6,826.7,56950
945,"20220913  12:30:00",825.75,827,822.95,824.55,47600
946,"20220913  13:30:00",823.65,826.65,822.9,823.85,58650
947,"20220913  14:30:00",823.9,824.35,816.25,818.65,190400
948,"20220914  09:15:00",809.95,821.85,809.1,819.9,64600
949,"20220914  09:30:00",819.85,829.2,817.15,826.45,204850
950,"20220914  10:30:00",827.3,845.95,827.3,836.25,440300
951,"20220914  11:30:00",836.05,839.4,830.2,837.85,121550
952,"20220914  12:30:00",838.35,839.15,834.05,836.4,62900
953,"20220914  13:30:00",837.45,839.35,830.1,836.3,117300
954,"20220914  14:30:00",836.5,838.25,831.3,833.05,123250
955,"20220915  09:15:00",834.6,840.75,833.6,833.95,44200
956,"20220915  09:30:00",833.95,833.95,820.2,827.95,185300
957,"20220915  10:30:00",827.95,828.9,821.9,828.75,68850
958,"20220915  11:30:00",826.45,829.85,825.4,826.7,41650
959,"20220915  12:30:00",826.7,828.7,826.3,828.3,17000
960,"20220915  13:30:00",829.2,829.2,823.9,826.65,26350
961,"20220915  14:30:00",827.4,834.2,827.1,829.7,108800
962,"20220916  09:15:00",831,837.85,829.15,834.1,37400
963,"20220916  09:30:00",833.6,839.2,820.75,826.9,146200
964,"20220916  10:30:00",826.45,829.5,823.45,828.6,62900
965,"20220916  11:30:00",828.8,831.8,827.55,828.85,35700
966,"20220916  12:30:00",829.1,830.3,811.5,815.2,124950
967,"20220916  13:30:00",814.55,816.15,802.8,811.05,165750
968,"20220916  14:30:00",810,817.3,808.75,812.65,153000
969,"20220919  09:15:00",809.1,810.25,793.65,802.6,108800
970,"20220919  09:30:00",802.6,807.75,797.75,806.2,120700
971,"20220919  10:30:00",804.95,807,796.4,799,65450
972,"20220919  11:30:00",798.55,798.95,791.3,796.4,85000
973,"20220919  12:30:00",797.2,798,791.95,791.95,35700
974,"20220919  13:30:00",791.4,802.15,791.4,797.2,54400
975,"20220919  14:30:00",797.2,798.75,792.95,796.15,83300
976,"20220920  09:15:00",800.55,807.05,800.55,803.95,30600
977,"20220920  09:30:00",804.5,810,802.8,806.55,77350
978,"20220920  10:30:00",807.75,814.55,807.25,811.6,82450
979,"20220920  11:30:00",811.8,823.5,811.5,812.95,114750
980,"20220920  12:30:00",812.95,815.5,809.9,809.9,38250
981,"20220920  13:30:00",809.9,811.2,804.4,805.8,38250
982,"20220920  14:30:00",806.5,809.95,802.2,803.25,121550
983,"20220921  09:15:00",807.25,810.5,805.4,807.3,24650
984,"20220921  09:30:00",807.5,807.85,799.95,805.8,56100
985,"20220921  10:30:00",806.2,806.2,797.1,797.1,28900
986,"20220921  11:30:00",797.25,799.55,792.15,793.65,46750
987,"20220921  12:30:00",794.4,797.9,793.05,795.35,41650
988,"20220921  13:30:00",794.85,799.15,794.85,797,44200
989,"20220921  14:30:00",795.8,796.3,788,789.9,108800
990,"20220922  09:15:00",785.3,794.7,785.3,794.7,30600
991,"20220922  09:30:00",793.55,801.6,790.6,792.6,125800
992,"20220922  10:30:00",792.05,792.05,785.55,786.45,62050
993,"20220922  11:30:00",787.15,791.05,784.4,787.8,40800
994,"20220922  12:30:00",788.55,797.75,788.5,795.35,61200
995,"20220922  13:30:00",798.2,806.55,797.2,804.5,98600
996,"20220922  14:30:00",805.15,807.25,802.5,806.7,108800
997,"20221020  09:15:00",738,752.15,738,745.95,82450
998,"20221020  09:30:00",746,751.55,741.95,745.9,144500
999,"20221020  10:30:00",746.95,747.2,742.15,744.7,79900
